{
  "run_date": "2026-05-12",
  "winning_model": "RandomForest",
  "rmse_xgb": 2.5647676482247825,
  "rmse_rf": 2.209768395384134,
  "mae_xgb": 2.0809947246217746,
  "mae_rf": 1.7481645323127712,
  "dir_acc_xgb": 43.52941176470588,
  "dir_acc_rf": 45.88235294117648,
  "precision_xgb": 48.9,
  "precision_rf": 50.9,
  "recall_xgb": 48.9,
  "recall_rf": 61.7,
  "f1_xgb": 48.9,
  "f1_rf": 55.8,
  "tp_xgb": 23,
  "fp_xgb": 24,
  "tn_xgb": 14,
  "fn_xgb": 24,
  "tp_rf": 29,
  "fp_rf": 28,
  "tn_rf": 10,
  "fn_rf": 18,
  "predicted_return_pct": 0.0868
}