{
  "run_date": "2026-06-08",
  "winning_model": "RandomForest",
  "rmse_xgb": 2.47859789740843,
  "rmse_rf": 2.204939420552774,
  "mae_xgb": 2.0305386591915906,
  "mae_rf": 1.8247630083930466,
  "dir_acc_xgb": 45.88235294117648,
  "dir_acc_rf": 41.17647058823529,
  "precision_xgb": 50.0,
  "precision_rf": 46.2,
  "recall_xgb": 58.7,
  "recall_rf": 52.2,
  "f1_xgb": 54.0,
  "f1_rf": 49.0,
  "tp_xgb": 27,
  "fp_xgb": 27,
  "tn_xgb": 12,
  "fn_xgb": 19,
  "tp_rf": 24,
  "fp_rf": 28,
  "tn_rf": 11,
  "fn_rf": 22,
  "predicted_return_pct": 0.6907
}