{
  "run_date": "2026-05-25",
  "winning_model": "RandomForest",
  "rmse_xgb": 2.6366571132172005,
  "rmse_rf": 2.290517438851802,
  "mae_xgb": 2.1215357053765524,
  "mae_rf": 1.8480316399367402,
  "dir_acc_xgb": 45.88235294117648,
  "dir_acc_rf": 38.8235294117647,
  "precision_xgb": 51.0,
  "precision_rf": 45.1,
  "recall_xgb": 55.3,
  "recall_rf": 48.9,
  "f1_xgb": 53.1,
  "f1_rf": 46.9,
  "tp_xgb": 26,
  "fp_xgb": 25,
  "tn_xgb": 13,
  "fn_xgb": 21,
  "tp_rf": 23,
  "fp_rf": 28,
  "tn_rf": 10,
  "fn_rf": 24,
  "predicted_return_pct": -0.081
}