{
  "run_date": "2026-06-01",
  "winning_model": "RandomForest",
  "rmse_xgb": 2.5141931679773273,
  "rmse_rf": 2.219916122002647,
  "mae_xgb": 2.0659722359331427,
  "mae_rf": 1.8013332632920391,
  "dir_acc_xgb": 41.17647058823529,
  "dir_acc_rf": 45.88235294117647,
  "precision_xgb": 47.3,
  "precision_rf": 50.9,
  "recall_xgb": 55.3,
  "recall_rf": 57.4,
  "f1_xgb": 51.0,
  "f1_rf": 54.0,
  "tp_xgb": 26,
  "fp_xgb": 29,
  "tn_xgb": 9,
  "fn_xgb": 21,
  "tp_rf": 27,
  "fp_rf": 26,
  "tn_rf": 12,
  "fn_rf": 20,
  "predicted_return_pct": 0.1638
}